bytes,formatted_lines,formatted_nonblank_lines,nonblank_lines,package,path,physical_lines,project,sha256,snapshot,tokens,code_lines,comment_lines,blank_lines,counter_line_delta
14202,384,384,405,compendium,src/agent/codex.rs,427,compendium,c3c98ddf271033682de4c02a6049a7480cdeec02ce8a5aa1573e521c83b9eeb7,before,2646,405,0,22,0
19263,519,519,501,compendium,src/agent/codex_auth.rs,535,compendium,496c24cc06e1a3ec90c829c0088878908bd18cd4907dbf9fd9428adbbc7ef76a,before,3919,501,0,34,0
6553,186,186,183,compendium,src/agent/image.rs,196,compendium,b5e3fa3eb437c9bb409a60e31cbfff67e8220047739860018fc1faef6e0eef8f,before,1219,183,0,13,0
22402,630,630,644,compendium,src/agent/mod.rs,701,compendium,f0fe5b1a0deff883e9a7543d0e7ba2c4f761a8245ff483755daf24d06adc7948,before,4034,638,6,57,0
33664,909,909,884,compendium,src/app/chrome.rs,925,compendium,ceb943e7fae717a108a81bcba017cf5481d6df804af427b8784bb64cacaea4d6,before,6122,850,34,41,0
6808,207,207,187,compendium,src/app/confirm_modal.rs,202,compendium,0e8105a1b243556e5c22c8cc50f885385938dcf67d35e5fbc4a96f1c4bbf125c,before,1402,179,8,15,0
31411,699,699,688,compendium,src/app/event_loop.rs,704,compendium,8d23d005df426bf39707fc90cadaa431afada04ba89991b242ae024f0de4a88f,before,4305,642,46,16,0
33253,903,903,859,compendium,src/app/input.rs,898,compendium,10d87f369a19bad8b06d36c611d6a57cd65fc45d464586bdf8c2d18a6052b367,before,5657,841,18,39,0
6433,172,172,175,compendium,src/app/mod.rs,188,compendium,d766dfd879fb1e217f38ecb53b535410773ae214112f1f3350070c13dfcf8664,before,1042,163,12,13,0
49130,1292,1292,1145,compendium,src/app/pane/editing.rs,1204,compendium,e26c4ea4663b9dc83ef9ca97a1717cfc71014ed9730c49790e46f9c5029b4685,before,8511,1006,139,59,0
16756,397,397,402,compendium,src/app/pane/library.rs,415,compendium,63a4a9eec47026e70796a1d65cbb79253d2a21f02a646c430e8de6ae6f7929e2,before,2656,345,57,13,0
1283,23,23,24,compendium,src/app/pane/mod.rs,28,compendium,1d3100c20f6a00dd178e842e717b382da36b3b2eb7aebb349ea591d7f1f48e20,before,201,14,10,4,0
10185,249,249,249,compendium,src/app/pane/prediction.rs,266,compendium,804bcc6640e8508f6e353579d62ed929fed61b20dcce9eaab77e7870548e03ef,before,1735,227,22,17,0
28845,744,744,717,compendium,src/app/pane/render.rs,728,compendium,83b41ac3ceb80b908c92d60b04b77d31b823e7c8e7283975d6819cd952e1e6bb,before,4505,648,69,11,0
7153,151,151,149,compendium,src/app/pane/scrollbar.rs,158,compendium,9826efed7c9d4b614915714e969c60f33902b49618c6eaa5636b010dfa57a1c1,before,1192,112,37,9,0
35783,1028,1028,932,compendium,src/app/pane/streaming.rs,997,compendium,c5b9627368a97a018d6540c3f9749930940d34b5e46c614df4480d53f221e0ea,before,6889,913,19,65,0
72299,1807,1807,1784,compendium,src/app/persistence.rs,1923,compendium,b4c9c881e7b4ee68526e13e5b331d796c3b924809d241435a181d41265e8b1f5,before,13714,1655,129,139,0
11017,342,342,336,compendium,src/app/picker.rs,361,compendium,7cbfb721abd4a2ee46fd810bec8c72f79622f2ce9a8ef67cd06db4abed36e85a,before,2234,336,0,25,0
5523,138,138,114,compendium,src/app/popup.rs,124,compendium,feb5a18b15213a90752ac09c1c3339d4bdfb46481e21b26367c59817c45bb326,before,1145,97,17,10,0
12527,317,317,309,compendium,src/app/preview.rs,330,compendium,8bb448ab21af7a6b30a4d226293bb00aa0164bfacdd0a3f12f8084ce86d959b8,before,2162,256,53,21,0
2950,66,66,64,compendium,src/app/render.rs,67,compendium,0bdb144d7f254af666989c72578c7566949f8fe7c944679a9025aa7f0f419c66,before,584,61,3,3,0
104773,3002,3002,2792,compendium,src/app/sync.rs,2930,compendium,35fbf415f45edf34cdb39c157d50cefeae69a01d4371c1239878cf7a0901b237,before,19981,2764,27,138,-1
138691,3487,3487,3425,compendium,src/app/tests.rs,3743,compendium,654363db94fd568871382910c51f5c225c74b672eeada4d723547ec6ba7f3ce8,before,30815,3297,128,318,0
6616,191,191,174,compendium,src/app/text_prompt.rs,182,compendium,598857b5b0e63abda70bdaa28dac1907f03c7a91e441cf4a76e19986993595fb,before,1299,166,8,8,0
13134,259,259,274,compendium,src/app/workspace.rs,314,compendium,24c7bc4d92890ec1759a83205989d0058e46b21e2ce4398d2261b9587dec5011,before,2309,215,59,40,0
4201,122,122,122,compendium,src/base64.rs,133,compendium,c0c7af9fa3aaa9af56099ff690e26619c4fc4ec4c993065644c9195a1078be0a,before,1111,122,0,11,0
2876,75,75,75,compendium,src/camera.rs,88,compendium,98263d03592556df681c6f0c379614db70fe98affa991e82ed3bb0f9c88db227,before,604,66,9,13,0
70956,1758,1758,1915,compendium,src/control.rs,2033,compendium,c68c84908a8bd1109201e60d8edf8e246f02c4bc8d147b13e7bedd8b9a102285,before,11804,1876,39,118,0
10099,139,139,234,compendium,src/document/arena.rs,256,compendium,603798880be0e720e44413cc67897480679f5d7c0f79f5494c512197e77b7c00,before,1864,234,0,22,0
2660,78,78,74,compendium,src/document/compat/mod.rs,84,compendium,54a4fea12a024607f72eb48f89b91a3e9657d13f6d3710d0972069d04d64b36c,before,553,72,2,10,0
28672,819,819,761,compendium,src/document/compat/store_v4.rs,821,compendium,e76a471fb2ff95dcc9079ae774dc7dbc28c3a4df272250dc97072e40d72a9a90,before,5588,749,12,60,0
34704,855,855,1020,compendium,src/document/compat/v1.rs,1074,compendium,7adbf0f06c855ca1fd1e7e999a28bf861c179de65d3d582b1e10c3b02a35bc71,before,5120,1020,0,54,0
5141,154,154,152,compendium,src/document/compat/v2.rs,169,compendium,7a97c58dd8fa3e7201d324b02dfcd38c882543fb09e3f09b4683a8d348ad0c5f,before,996,152,0,17,0
25577,747,747,676,compendium,src/document/edit.rs,740,compendium,d5c95755dda69e473c5a4f7153fdfb0906e266eab6e8b25daa89f42b50a10b15,before,5296,664,12,64,0
1413,50,50,39,compendium,src/document/hash.rs,47,compendium,7e36cc495a38c8fb6e99edb80636d1e2cb087348e124cb09e3d21444b34b158d,before,426,39,0,8,0
3371,96,96,97,compendium,src/document/history.rs,106,compendium,28c90d66a7691c48ba83b238189be587acf9f6ccaec27bd2f32214173194ab2a,before,718,97,0,9,0
49699,1427,1427,1374,compendium,src/document/merge.rs,1467,compendium,316711036772bbf120765d94b6429b636a0fb032f54d17a939dc68f7d0802e3f,before,9101,1335,39,93,0
15255,427,427,413,compendium,src/document/node_index.rs,453,compendium,60ec97a9cdaf6ebafba39e412a90ab8fdaf6fbc1ab4a9637319b4d6010416b00,before,3102,413,0,40,0
14674,415,415,402,compendium,src/document/paint.rs,426,compendium,c5d2970d72c11cbab62af079f4d9de521a9a107308c1495cb4c08aa190d1f1f3,before,3162,402,0,24,0
18221,491,491,465,compendium,src/document/persistence.rs,500,compendium,361f911c389e39b00bdd328fc2f8441a6a49922fe77acc4720d91a9e44f12d67,before,3110,465,0,35,0
11231,359,359,341,compendium,src/document/render.rs,361,compendium,f68372e13bcb8092cdf96c1e644b48ade2e5e51c00a2458df16b3f75ee4e7115,before,1846,334,7,20,0
3506,112,112,112,compendium,src/document/resource_walk.rs,125,compendium,2b2944eea27819fe6bc226b326ea945ee62ab9d508a8a38f9dce3df985438fde,before,852,112,0,13,0
26599,783,783,792,compendium,src/document/root.rs,839,compendium,89071c1106195741b2e86878c6d10f2b904638ce4cf148d6dff3cf821e758259,before,4656,769,23,47,0
48841,1444,1444,1342,compendium,src/document/rope.rs,1452,compendium,50ed8039a597df6fab1b4425b0e037950ced414a8f918665e55a133a2ddbd403,before,8636,1336,6,110,0
18117,462,462,451,compendium,src/document/sqlite.rs,484,compendium,78bd57b97313ab7550a7c9fb47f458fddd2a9c97bb39138c74ca27c7cbe45a0b,before,3593,448,3,33,0
3476,99,99,93,compendium,src/document/storage.rs,102,compendium,8c7f4249b5e4b2d5fa8944fba8abe34a60225d37c3de45516976a2ab7fb52d9a,before,676,93,0,9,0
210844,5741,5741,5606,compendium,src/document/store.rs,6002,compendium,25a16217725b45f87ebc28cc380a0cc1b69768d7cd222985a65bc85a22dcde73,before,42181,5528,78,396,0
8490,223,223,214,compendium,src/document/text_view.rs,240,compendium,9e3ddd6a4f3edc40a825a85b079bb537f242f64bb83a59d232f300393f8b4522,before,1728,206,8,26,0
759,24,24,24,compendium,src/document/tree_chunks.rs,27,compendium,557fa4c2494c5c7a839d16840f35914fc9b757cb42f9e526d15f2eb98a4e141f,before,175,24,0,3,0
172017,4556,4556,4409,compendium,src/document.rs,4796,compendium,d7d316fd80fcbc7344296268a3c80dac9aa3ccf5b391686b84dbda73ad2e6884,before,34410,4357,52,387,0
12403,338,338,361,compendium,src/fs_import.rs,393,compendium,9ce0ab9edd483e2b0d14fc901fc037c9c8421a17e6616a30ae9c971b0d3cc92f,before,2709,354,7,32,0
3622,106,106,122,compendium,src/geometry.rs,149,compendium,a3602a338c6effb2e032467bc5ce33c0010e22a6ab25376e10e82be19dbdea9c,before,1084,120,2,27,0
565,30,30,30,compendium,src/lib.rs,32,compendium,a10fb834efeaa0b8758497a32b95adf0c57fdf6e4189ffd9a545d0429bc70a9a,before,154,30,0,2,0
3487,107,107,105,compendium,src/logging.rs,114,compendium,f81157a03211a36b923d247bb4545af4b545923b9ac8febc0d3b1ce65dbe9ab9,before,867,105,0,9,0
911,26,26,26,compendium,src/main.rs,30,compendium,62ffdc23111f8ed4c9211e2f90fa1fbd9658a2f89a31d7fb00e903b72a5335a6,before,211,26,0,4,0
22336,909,909,362,compendium,src/markdown.rs,372,compendium,c176b7a21dbf393d90e17e7f56f3049d9986bf3fb3457ddc95854814884273f5,before,6106,355,7,10,0
3896,120,120,117,compendium,src/presentation.rs,137,compendium,73baa2c3ceca1750d74124c915498b5d71cc4454eb0105668105bf64f7b39e75,before,892,116,1,20,0
134892,3722,3688,3269,compendium,src/renderer.rs,3446,compendium,ba2ec7dc08390570767f29a5c5ec169cf3990e0a5b779e0491486209549719ab,before,20703,3108,195,143,0
51147,1458,1458,1395,compendium,src/settings.rs,1507,compendium,6aaff72e7f05a5b27f08ee83139120a5504308092f24e523fc6c1dbb4877516c,before,10475,1375,19,111,-2
5989,130,130,138,compendium,src/style.rs,153,compendium,93644c43387d2adeadad3e5cdd3d7eea9664c09c58cdb47b42a988ee912b16b2,before,1214,100,38,15,0
9261,279,279,262,compendium,src/sync/discovery.rs,290,compendium,533aed054b81ea191e1e1deac11edb3f0ed06d88451330f4a04e0dce035647e6,before,2104,262,0,28,0
17611,524,524,493,compendium,src/sync/hub.rs,526,compendium,5d76226fd9d4d0dac9e4b06d8fbe5ddb6cc2d773019fd7ef4836d6bac4352227,before,3777,482,11,33,0
27835,814,814,749,compendium,src/sync/identity.rs,839,compendium,7682d933b50ff67676d850742d783992e01a266fb18ee5be8127f5358ec6f02d,before,6021,749,0,90,0
974,33,33,44,compendium,src/sync/mod.rs,48,compendium,399e3b6a3a9e3cf1769cf4bcfe76773345cc538060586ec1551294f1cfe789af,before,209,44,0,4,0
48742,1338,1338,1202,compendium,src/sync/session.rs,1315,compendium,f66b9622715b0c493b3496d60dcc23d0b48f9da7068c8c0d7cbc9f154d224283,before,9949,1161,41,113,0
5233,139,139,133,compendium,src/sync/trace.rs,146,compendium,e8b32c2a290261d7f43e2e70ed20c2373b80c975854747ea6e8e4cabbe37e33a,before,1111,116,17,13,0
33410,899,899,876,compendium,src/sync/wire.rs,963,compendium,ffe6179bdf30b8c101ce6abfc6c3b9c218fe4a35dcd2c7e2814cf46c70d686b4,before,6923,850,26,87,0
48632,1241,1241,1241,compendium,src/text_editor.rs,1359,compendium,a009e262c05f38f8e093bf7bf1e0ec3cc72b613f4240ed0f0e614306a6a51394,before,9195,1148,92,117,-2
83332,2312,2312,2406,compendium,src/types.rs,2665,compendium,39f23edd3454a707fa9db3bc6fc20acfc63c7fd6d1264b5c24a8d0ed2f4f2cf0,before,14563,2008,398,259,0
10281,298,298,298,compendium,src/widgets/arrow.rs,329,compendium,41c6a90d991823ef5fe99e7784fcd3262016a1ac12b0c0de678074015992a1c6,before,2390,295,3,31,0
1906,64,64,60,compendium,src/widgets/command_runner.rs,71,compendium,3d481b265d2c7fa406b9dce4630a739fe751b2f6a00ead0ace002b2b9e2fb8cb,before,417,60,0,11,0
4509,142,142,128,compendium,src/widgets/mod.rs,149,compendium,ef615bcff7b89593c84377de75a3ea5be2d8d297bf1890308aec37d36a4b7431,before,1074,128,0,21,0
1468,51,51,51,compendium,src/widgets/trivial.rs,62,compendium,52f0cb2190cabde822b203f6ddc370fb14c21ffdd63d7531f4eba127d9240c6b,before,320,51,0,11,0
45996,1196,1196,1184,compendium,src/world.rs,1283,compendium,ba92037c0e2ccf12a5d8b47cb8b83db0ffe7f010341bf4d59afb45385a71ab1c,before,8841,1087,97,99,0
2688,70,70,67,compendium,tests/save_regressions.rs,77,compendium,afb5fdc6ad80b68c945e92fb412fdc743e8f828ca1952299f030bf8cd90e0c47,before,568,63,4,10,0
16951,483,483,430,compendium,tests/sync_hub_workflow.rs,478,compendium,8d38e9e191733924990fb691170dc05f84f759ac7b0aa9e36ae3742432aa94d3,before,3756,415,15,48,0
13433,415,415,266,compendium,tests/text_integration.rs,285,compendium,5f16900797c189fc640cfff7d84851064d698b0d9ace8e3eb1e97508fda68453,before,3162,256,10,19,0
2037,53,53,23,compendium,examples/markdown_preview.rs,24,compendium,cd660ccb8e219a41e160a3e0b3d43afb533128d2bd4607f0714f382c51886e85,before,385,22,1,1,0
46660,1293,1293,1244,compendium,examples/perf_scenarios.rs,1334,compendium,1076abe1a99a4fcf1214804fc7248116c41ab76993a07683f5c05b6940ac4bb3,before,8304,1218,26,90,0
11822,309,309,303,compendium,examples/render_smoke.rs,322,compendium,98b644f8748ca64890e17b54bc9b55f19b65a4e5429e980ea6bade350a1d2023,before,2097,246,57,19,0
1061,29,29,30,compendium,src/bin1.rs,30,compendium,13edd544537eff9370fabf6b3850b69646085fc4ae0be289ddaa6946b6160c25,after,235,29,1,0,0
2561711,53067,53033,53034,compendium,src/implementation.rs,53068,compendium,31c7d46c2166ef64b79d9378875efb476abd4423fb05d140b51390f0ceca532a,after,366172,52332,734,0,-2
340826,7966,7966,7967,compendium,src/lib.rs,7967,compendium,a656678406fbc6c52bb4766b207a53cefe9bb8bf656d5125bec93e51bd6ef97f,after,57545,7346,621,0,0
547115,13708,13708,13709,compendium,src/tests.rs,13709,compendium,6e88e29aa06c1051d4432d333b6144b786dfcdfc1db48f6d4a5e2b8fbbff1277,after,110193,13621,88,0,0
2614,55,55,56,compendium,examples/markdown_preview.rs,56,compendium,f27caf47968fc942fc3f2ef90470caecb87b1435b4119634e7f8d549bc8b5db8,after,403,54,2,0,0
62278,1538,1538,1539,compendium,examples/perf_scenarios.rs,1539,compendium,a9fadab6ccdf1e59354b3797275bb4c783ba7cdc73b6cfd86afa297b49cb864d,after,10367,1528,11,0,0
14562,346,346,347,compendium,examples/render_smoke.rs,347,compendium,31ca21de9f28246c6f05094fe7b443eca8d434a1b44317680bb6b8d7702032a9,after,2429,301,46,0,0
14143,475,475,207,taud,crates/daemon/src/agent/auth.rs,213,tau2,42ed45e00d3c92d88455a4126ce9cdc86021bf90e3e399e612e18219e725fe4c,before,3418,199,8,6,0
4930,147,147,90,taud,crates/daemon/src/agent/auth_lock.rs,92,tau2,6e2eddb5a351ffb6290b5999e13725db31b90d4a09c69e7885ad91a825047205,before,1206,83,7,2,0
11387,408,408,175,taud,crates/daemon/src/agent/history.rs,183,tau2,c371ab1fd73764c7a74d154fa2e3f320621b33d013c3dc17d2f68f6d06215e67,before,2806,167,8,8,0
38966,1314,1314,525,taud,crates/daemon/src/agent/mod.rs,534,tau2,bfbbc6f7e1e4efb53f2c948ab41b2e5485ed12fc125402bee2cfa64e5f0fbf8f,before,8918,501,24,9,0
14404,370,370,239,taud,crates/daemon/src/agent/provider/codex.rs,240,tau2,c1b616fcf9e24f8328a6b6406d89014bc84d0e5f8f0dfbf055184a85c6c9b000,before,2379,233,6,1,0
7047,164,164,158,taud,crates/daemon/src/agent/provider/completions.rs,159,tau2,f813607d15ecc5e2858bd0896b91b2a166f7c42b260183469839c63e42457e39,before,1085,158,0,1,0
24837,784,784,426,taud,crates/daemon/src/agent/provider/mod.rs,437,tau2,439c5d632ff8ca3cbea58c546d804991803753ad8a3954f43bd944ddef50e52d,before,5552,413,13,11,0
4215,151,151,85,taud,crates/daemon/src/agent/provider/recovery.rs,90,tau2,04a9562608ef60374614f0d5ed3ba6e7a17f59ded9892fee43dad034d1d9bfb9,before,1080,80,5,5,0
13038,413,413,184,taud,crates/daemon/src/agent/tools.rs,190,tau2,669d1401ae1dc09bf5d7988b42215401f0efb8f61082bb43240b1475920b440f,before,3126,176,8,6,0
22737,749,749,355,taud,crates/daemon/src/attachments.rs,370,tau2,b2fda5d58b315548c239956bb34e78755cbf0e81214e5465f57c71155e34d4f3,before,5702,337,18,15,0
11699,399,399,202,taud,crates/daemon/src/catalog.rs,208,tau2,03338a17a2512d73e8e954e80b94bf612ac2acabd8110556df07ca3965274c01,before,2893,193,9,6,0
3928,94,94,88,taud,crates/daemon/src/config.rs,94,tau2,523443875d499936b777b513b79f0489da62daff90cd4211427edcf2fe369483,before,742,87,1,6,0
3279,102,102,76,taud,crates/daemon/src/lib.rs,86,tau2,3c68820c1d917d5be8efd8e206372f213581d9bc3f476e4ff856814dc78fe8c4,before,790,75,1,10,0
2288,90,90,49,taud,crates/daemon/src/main.rs,53,tau2,4a3aa383e5c80becc907f56941e2db16a2093dbfe65ff9d261ca5b8f96d0c598,before,590,49,0,4,0
2246,65,65,36,taud,crates/daemon/src/maintenance.rs,39,tau2,a999f92b75dc70909a962a3417c6d1447c2f43c35525c68ae0777495e2c2b715,before,460,31,5,3,0
39768,1365,1365,553,taud,crates/daemon/src/manager.rs,557,tau2,e3892a0a693e10d291d20d9828cb745c2065424770e9a0627a4ece64af7191b1,before,9659,528,25,4,0
37418,1186,1186,673,taud,crates/daemon/src/net/mod.rs,695,tau2,63af398f37ef5ce697a3c8d867a470e65ee00f464b9b5dfe51ab7ca24b352f01,before,8386,654,19,22,0
13051,423,423,211,taud,crates/daemon/src/projection.rs,220,tau2,f613ff09c77f034043b9169b14581ea1cf09de968a4314a626f1a4a034aee9e7,before,3247,190,21,9,0
9056,308,308,152,taud,crates/daemon/src/projects.rs,155,tau2,de814b71cd58dd67bd7b96db6d39819f73cf235c44c0943db1c1887a5f5480b9,before,1879,146,6,3,0
13998,407,407,205,taud,crates/daemon/src/settings.rs,212,tau2,de242c2809f5dae81bf955b71bd6b617e8084afd2c2aeac909a7a94690d6553b,before,3336,205,0,7,0
50433,1620,1620,707,taud,crates/daemon/src/state.rs,723,tau2,767b8558aece2ebce0d7a2608009914095f0c6fe7a4c3b31c84ba9f6e2fb49c9,before,10733,681,26,16,0
12648,420,420,242,taud,crates/daemon/src/transcript.rs,258,tau2,e31037b0db84cec21e2c39cfc2d12f8004aec1d44c0985da883c2db6e20c5cd6,before,3142,236,6,16,0
6012,216,216,104,taud,crates/daemon/src/usage.rs,112,tau2,1d0b3d817e91ac1c3c12b8f81a0ba2b590c454bf59824bda8a9f9003ba966ca5,before,1558,100,4,8,0
9165,307,307,119,taud,crates/daemon/tests/sqlite_crash.rs,121,tau2,7801d5ae8cfe000a53c9522246c5763e3ed7388e63f8600c83f673d5c9309c9b,before,2549,116,3,2,0
8138,280,280,122,taud,crates/daemon/tests/support/mod.rs,123,tau2,58d8e3376ddd015801d90d76782c48e57b01f541ccfd0aa8307b09d86b0d1f20,before,2175,121,1,1,0
7512,204,204,129,taud,crates/daemon/tests/unit/agent/activity.rs,134,tau2,f237015c4a58d23ecc52c1f7d748ef04177911c4db8368c327dcf7f048f02a15,before,2010,128,1,5,0
1397,47,47,16,taud,crates/daemon/tests/unit/agent/auth.rs,16,tau2,4e9d00c1896c04f1bc5290f8d3423813bb8e7d825b7f6e863ea1ab0fd0eea18d,before,391,16,0,0,0
3220,86,86,40,taud,crates/daemon/tests/unit/agent/auth_lock.rs,40,tau2,c148bd4ca2fa0f9ff60abf7018eb74186dd21829861d9cba726d191cf0f4361a,before,860,39,1,0,0
12632,407,407,161,taud,crates/daemon/tests/unit/agent/compaction.rs,165,tau2,1d52f3b8cb1cb5a902417897d39e3a79295ae298862d9e0d103085454fb8497d,before,3174,156,5,4,0
26589,903,903,411,taud,crates/daemon/tests/unit/agent/control.rs,422,tau2,c3549600739db9986e63a7af921142d1bddaa96653451d0b90fd7e7b52c217bc,before,7064,400,11,11,0
5584,188,188,67,taud,crates/daemon/tests/unit/agent/device_login.rs,68,tau2,44b26b043d15171164a45481ab3e81802b61b0f710b457eeaf6a231c2bd52d4d,before,1541,66,1,1,0
1098,36,36,12,taud,crates/daemon/tests/unit/agent/history.rs,12,tau2,a92c2c8d395f989c281628b9146d42a37fa77b669c342f66de68cd8115ac35b7,before,306,12,0,0,0
104020,3392,3392,1216,taud,crates/daemon/tests/unit/agent/mod.rs,1249,tau2,69bc6eebc4baf13879bce1b82c71c50467564f398e1809f6a13a0e3ba33602bc,before,27769,1197,19,33,0
6487,172,172,93,taud,crates/daemon/tests/unit/agent/models.rs,96,tau2,e1bdad5e0bec960861ec3ecbcb6b828129637fb765e2c7f1e266900a09f927ab,before,1676,90,3,3,0
3192,116,116,49,taud,crates/daemon/tests/unit/agent/provider/codex.rs,50,tau2,71c8cdccca07d0bbbec92b8dfce9b4b80deed00669bb567ec05546492863cb30,before,759,49,0,1,0
3161,108,108,41,taud,crates/daemon/tests/unit/agent/provider/recovery.rs,41,tau2,c3ebcedc381c19a686c8365712cf69195ca012cba232618b6c42152d4c578257,before,896,40,1,0,0
3109,99,99,48,taud,crates/daemon/tests/unit/agent/provider.rs,49,tau2,88d40c7cc4ef91519f9d5effb1da965e040563786269a4924430c848f9789524,before,715,48,0,1,0
27416,908,908,346,taud,crates/daemon/tests/unit/agent/recovery.rs,360,tau2,ecd25208ba97c6a742bbcd2ec542922e5675bfe6e38ddcd6d85fa7e09c0e1bea,before,7755,345,1,14,0
12660,422,422,121,taud,crates/daemon/tests/unit/agent/safety.rs,128,tau2,49d7e6842f44ed1ce27411008075482fd8853a187583a25a1dfc31d22d12e547,before,3892,120,1,7,0
3772,108,108,39,taud,crates/daemon/tests/unit/agent/shared_refresh.rs,39,tau2,f90f616ff982f4405d0e410ccaea20f06ebdd16c03f4dd869f2b9fb1de3e62ca,before,1096,39,0,0,0
3941,108,108,53,taud,crates/daemon/tests/unit/agent/thinking.rs,55,tau2,57369fc0e3d44d338053e47197e2677c63b32abdcfe7838c22faadaf1e7f5756,before,1025,51,2,2,0
10039,280,280,189,taud,crates/daemon/tests/unit/agent/tools.rs,209,tau2,80bacc2920127422630473450feca21296fd6b448b149f378d8667594f4bb1c6,before,2159,186,3,20,0
989,28,28,9,taud,crates/daemon/tests/unit/attachments.rs,9,tau2,39d0238ae9612db812ee05af09385d0883ba29f4bbad40ac7622ee29b169ec37,before,296,9,0,0,0
7133,224,224,92,taud,crates/daemon/tests/unit/blocks.rs,93,tau2,205dbc5516c66229d18a6b3214db87762b3fa87bb48bf8123c2ac41519ec6b5a,before,2132,92,0,1,0
5889,168,168,81,taud,crates/daemon/tests/unit/catalog.rs,84,tau2,e3abf93c73ecada4d931d65f4328083b452435d69c42480aa854b931db3dcd42,before,1439,80,1,3,0
904,27,27,12,taud,crates/daemon/tests/unit/maintenance.rs,12,tau2,db2063b48179189698ee5eddbe5506059b766a36bcd639051d6dffe53a3da17e,before,279,12,0,0,0
1397,37,37,16,taud,crates/daemon/tests/unit/operations.rs,16,tau2,8717ec0ed3c6fea8ef06ab9bf43777f6b14afa6f1ede6d8dc48f1bf8b023c1d8,before,404,16,0,0,0
2555,76,76,35,taud,crates/daemon/tests/unit/projects.rs,35,tau2,d700b1e347585ec3cbfcaeda0005a1f3babee1f5250f6bf6e03ac6a16c077568,before,685,35,0,0,0
1811,59,59,27,taud,crates/daemon/tests/unit/protocol_audit.rs,29,tau2,e2d17e13a97d415403ed4ed1275287730143eddcab873d43648f4dce603f4536,before,461,26,1,2,0
19708,698,698,321,taud,crates/daemon/tests/unit/server.rs,333,tau2,4c2c7280c98017b365c50b3b131c343a3e1888d610dd0c6cd63e69d3f42f0d48,before,5348,321,0,12,0
4073,168,168,55,taud,crates/daemon/tests/unit/state_reads.rs,58,tau2,3a432dc87ccb63a6c5c86ebf69c4a159bc2cc21a62cb320236520675d3817350,before,1278,55,0,3,0
3392,100,100,65,taud,crates/daemon/tests/unit/transcript.rs,70,tau2,d1e887ff357a745583d00f5e1ccd8588d5e8f82fd0edab8fbac1a2407c055377,before,854,64,1,5,0
7107,219,219,93,taud,crates/daemon/tests/unit/usage.rs,96,tau2,6a69c3d759e3c817c8dc6b7bc106bb8a495d3f5ed83512540fbac747d9a6c4b8,before,1998,93,0,3,0
32046,1054,1054,496,tau-block-store,crates/block-store/src/lib.rs,539,tau2,913b77475f1e235cb9f196498eae27c093f456b7a5e6e9a1aeab0d5a051ca602,before,8008,457,39,43,0
17624,609,609,291,tau-block-store,crates/block-store/tests/unit/core.rs,310,tau2,f2191ec5264ff6f9d136932dd159651aab02ea9a824eb04b6e087c2a7e4e57d3,before,5597,291,0,19,0
8585,290,290,196,tau-net,crates/net/src/blocks.rs,215,tau2,4b9285867121e0117c731cf9a802ac18b92d441c53ef2deaa54ab189a5d537a5,before,1958,179,17,19,0
2751,83,83,55,tau-net,crates/net/src/files.rs,57,tau2,836e8428f11c12c2d14f96a59821e7b7afdbe6dff24058a013a943a157629770,before,617,48,7,2,0
16136,468,468,450,tau-net,crates/net/src/lib.rs,483,tau2,1814addfc9ec9d3d3e7e3e1b130f8da72c3f0d15126c2786e7128ae00c5bb5aa,before,3177,427,23,33,0
8403,289,289,133,tau-net,crates/net/src/native/read.rs,137,tau2,b3b5ba72dcf70196738ee0e61872dc066e3d4826bb57f25f996d0406f21ca51d,before,1880,120,13,4,0
38978,1181,1181,632,tau-net,crates/net/src/native.rs,658,tau2,059690c1e195e71a861ff998c07432238729e3662a88aca704016bf9d24da0dc,before,9629,581,51,26,0
5392,179,179,105,tau-net,crates/net/src/settings.rs,110,tau2,a8401b867b81c46b56c9c2603ffd6be84636b3dd0a09eb93c754860309def1e1,before,1047,105,0,5,0
3474,123,123,119,tau-net,crates/net/src/transcript.rs,132,tau2,bd90ff4439e8b4f9c6b6da223c81f29167f67df1478d0047d0132ca4e4be8a78,before,812,119,0,13,0
1731,45,45,28,tau-net,crates/net/tests/contracts.rs,30,tau2,4eb8c37679ae44ab3b8141557d252e56dbbf959508a901a9a5ba0ece7d4cdaf9,before,398,27,1,2,0
33571,1099,1099,487,tau-net,crates/net/tests/native.rs,514,tau2,b619797bbfa8d233fc5c534bde4d09ae6fb1797b9c927886fda774ea8c867070,before,10015,478,9,27,0
1405,60,60,20,tau-net,crates/net/tests/unit/native.rs,22,tau2,fa0e5e8c246958233cb5560322f754e334105b48319671038e550eef6bc1f48f,before,424,20,0,2,0
12360,429,429,186,tau-code-viewer,crates/code-viewer/src/filesystem.rs,189,tau2,16ed00affeb325d00b9a66dad95af5579698d35708433a7e03d28a1e2327e1ca,before,3262,174,12,3,0
8103,271,271,152,tau-code-viewer,crates/code-viewer/src/finder.rs,158,tau2,6d05118e5a095b14bc0c5a44aa5570fbb0e9492cd51ab2f36ff508eeeef10f49,before,2149,144,8,6,0
4212,155,155,87,tau-code-viewer,crates/code-viewer/src/lib.rs,92,tau2,bf063d82b3133f515b53582f5b7d5d5f331c1930505979432bb872d31b44c0ba,before,1169,80,7,5,0
3183,133,133,54,tau-code-viewer,crates/code-viewer/src/syntax.rs,56,tau2,37052134e3cc203d440d9583fc982bc0e8b1e69971c040528dceb8ff070b66e1,before,771,52,2,2,0
1262,32,32,24,tau-code-viewer,crates/code-viewer/tests/unit/core.rs,24,tau2,6360543dcac6e853bcf206d15c54639374d10cea5da16dffd8173db4acfe6526,before,325,24,0,0,0
9915,333,333,127,tau-code-viewer,crates/code-viewer/tests/unit/filesystem.rs,127,tau2,926ad5fd0c3413d7a06c249588c4fa6bbddf4d99b3269697edc42deb12417426,before,2994,123,4,0,0
1577,48,48,27,tau-code-viewer,crates/code-viewer/tests/unit/finder.rs,28,tau2,1accaa1e60a375f3bc65d229219a75cb6c149419d5a3339f2d356e832a7bc571,before,387,27,0,1,0
1064,43,43,20,tau-code-viewer,crates/code-viewer/tests/unit/finder_matcher.rs,20,tau2,8665656ac71f998f2a8dd51d54374e2c8d3f990456d76c09cde7b4e095ed8dc3,before,345,20,0,0,0
457,16,16,7,tau-code-viewer,crates/code-viewer/tests/unit/syntax.rs,7,tau2,006f4826c5601e418d4d00e0f44612f46f12eb8ba0e741e8800d4e348f12129f,before,140,7,0,0,0
2889,76,76,47,tau-code-viewer,crates/code-viewer/examples/index_size.rs,48,tau2,f1e96be6bf8103d79f883bdd711597b391f52d5e0e75694d075444712f541759,before,722,43,4,1,0
18163,555,555,430,tau-frontend,crates/frontend/src/android.rs,431,tau2,d836ec06fcc7b87bd598d37cfcc88bbcdb47b615df9859058062c9b2518b57e0,before,4131,427,3,1,0
14052,468,468,354,tau-frontend,crates/frontend/src/app/attachments.rs,363,tau2,855e3cf21f3560b1ed0e34600740b829198ffe4166543a43d737cee3cfb99203,before,3011,344,10,9,0
8448,284,284,146,tau-frontend,crates/frontend/src/app/code_view/paint.rs,148,tau2,3aff48513535d2f4fa11c1913ef729beef08a2dc679af40bce18069ccb53aa5e,before,2083,142,4,2,0
64964,2051,2051,1472,tau-frontend,crates/frontend/src/app/code_view.rs,1480,tau2,360aa8c4a5f826f2d4fa507c334d0b63d804e1d10daccf8b0df2d9451cafef2f,before,14978,1460,12,8,0
2133,63,63,50,tau-frontend,crates/frontend/src/app/mobile_input.rs,51,tau2,2e39980d32c3287a15a45c50e8f0a5e35e164f5451c79ec4e798535cba599c8f,before,555,49,1,1,0
1128,35,35,33,tau-frontend,crates/frontend/src/app/notices.rs,36,tau2,13a0647e324ad59d4eb69a23c17a91006c2b13e96091b17b49c68a242fc9b280,before,269,32,1,3,0
2235,69,69,58,tau-frontend,crates/frontend/src/app/ripple.rs,61,tau2,22814dc30d0f2021d1d8c21ef0141055be76208754834dcad1a3eda873380f37,before,583,56,2,3,0
25920,808,808,625,tau-frontend,crates/frontend/src/app/ui/attachments.rs,631,tau2,f8cef9d202b889d4e2ed3e777ab2b28621df6968187046455668cc4c5359e4ec,before,5807,616,9,6,0
9313,293,293,162,tau-frontend,crates/frontend/src/app/ui/codex_login.rs,164,tau2,32fb1b6afc8f0c76bcdb827f5a52c3cf40666ed3b4f2354f34305ae73b5f2662,before,2255,159,3,2,0
22532,758,758,561,tau-frontend,crates/frontend/src/app/ui/composer.rs,564,tau2,46f174a1dbdc03acc981c3910f45e174e6ec844dc5af9da7f6842aac2a6e5f0b,before,5513,559,2,3,0
29850,1004,1004,690,tau-frontend,crates/frontend/src/app/ui/controls.rs,708,tau2,6aae7f3c094cf532e0bebed6933720db43dde2c28cde7d21455880215386a436,before,7439,678,12,18,0
35191,1095,1095,825,tau-frontend,crates/frontend/src/app/ui/dialogs.rs,834,tau2,7f2bea9cba06a1a6e46542601f3e85c3f7d197aef3bc992cfb2e84f2dc022473,before,8803,823,2,9,0
8936,325,325,225,tau-frontend,crates/frontend/src/app/ui/header.rs,226,tau2,cc7a1c7d0d73d7619139f97c4f45310c07d5c93c97691c1cede02052d0755ef3,before,2106,225,0,1,0
17831,556,556,433,tau-frontend,crates/frontend/src/app/ui/menu.rs,437,tau2,e3dd395a3899a6e5f0afcec574666f6452a3c8d12cffc4c6a1fdf92927ce12c5,before,4455,430,3,4,0
29569,1145,1145,427,tau-frontend,crates/frontend/src/app/ui/message_row.rs,430,tau2,8f0c7addd1266dd8409fea1ee66dd620dcdb8e65859dd750809b3a0a61b5b179,before,8945,421,6,3,0
18592,577,577,543,tau-frontend,crates/frontend/src/app/ui/mod.rs,553,tau2,503482a4d47e1944ad62f7a26ad1dbaaab26586698558979481061e585a823ec,before,4629,529,14,10,0
4958,162,162,137,tau-frontend,crates/frontend/src/app/ui/notice.rs,139,tau2,f4feecfed5cbdbf4fe35def523b0367a638e73c961054ea718ad9e1fc4305ecb,before,1328,137,0,2,0
15605,529,529,320,tau-frontend,crates/frontend/src/app/ui/operations.rs,322,tau2,1d7ac4c2421acc35cba272b2a9e73e010310c4fe2cb04d90976c12c070a60772,before,3666,317,3,2,0
10177,324,324,232,tau-frontend,crates/frontend/src/app/ui/scroll.rs,236,tau2,b8d94a5799e43c2a2cd60c8f577ccefa1c3ff0494ebff0b5732d6a5a883365ae,before,2419,225,7,4,0
21933,675,675,542,tau-frontend,crates/frontend/src/app/ui/settings.rs,547,tau2,7a55d95b209a7e5ce798a61bd08d2e11638c735a26a05ed1a054b249ae10a212,before,5042,540,2,5,0
17561,566,566,426,tau-frontend,crates/frontend/src/app/ui/sidebar.rs,430,tau2,4d7fb05297ae2a3dcee160598b47ee8a83e1dea49938f2d7432022bccbb2d837,before,4308,422,4,4,0
5270,128,128,114,tau-frontend,crates/frontend/src/app/ui/timers.rs,115,tau2,9c36edb42fa41a710e3b961daed157194a8c546dc022250ba3f04a9971c97a52,before,1204,109,5,1,0
4500,167,167,117,tau-frontend,crates/frontend/src/app/ui/tooltips.rs,119,tau2,5025963133808bbe706e388f80f9f750eb2618ff06e981875632a4b18a42b3be,before,1135,116,1,2,0
1314,41,41,37,tau-frontend,crates/frontend/src/app/ui/transcript/cache.rs,40,tau2,9db85301cbddc98bd7972640a256ca53ff80b880d2a22a599a95a7d0b1a64c5d,before,331,35,2,3,0
33510,1082,1082,665,tau-frontend,crates/frontend/src/app/ui/transcript.rs,670,tau2,a198908c593456122838dce0c7db6ccd6040b7e37af9fee9e44b825a8e1fe6bd,before,8140,630,35,5,0
8024,268,268,207,tau-frontend,crates/frontend/src/app/ui/viewer.rs,211,tau2,00c595e58b42bd6302cb368173b757763dde501ebb95d817ff781aee8f61e852,before,1979,207,0,4,0
17405,529,529,442,tau-frontend,crates/frontend/src/app/ui/workspace.rs,444,tau2,3dd3294c706cd1f22def0e745ad2cbbd8f78757316a77124af84778edc8d53e9,before,4400,439,3,2,0
11118,293,293,242,tau-frontend,crates/frontend/src/app/ui_owner.rs,243,tau2,3ee27a3e3b22b807ab48b3529dbbd2fb448971caf9a54b1c6282f0851b5b0b7b,before,2524,235,7,1,0
21050,679,679,543,tau-frontend,crates/frontend/src/app.rs,558,tau2,4a6328cbbbdb975d86b0a487a086e0bebd5525748945d410b9cecc3a1df759b1,before,5304,543,0,15,0
3511,113,113,95,tau-frontend,crates/frontend/src/cache_ttl.rs,97,tau2,b930278cb45b96671b8da27f930d16720e85a03c9b4b531bea8a162e59ad9b73,before,688,88,7,2,0
846,26,26,26,tau-frontend,crates/frontend/src/clock.rs,29,tau2,fa3dbf7dfafeb0349594f8159260917a7cd092e702e4e4cacf2a2fc3333fe6ba,before,199,25,1,3,0
4203,157,157,81,tau-frontend,crates/frontend/src/codex_usage.rs,85,tau2,badc4383cf7024064afacb176010898fa69ecba3e65473890d3e5698b0c4962c,before,1087,80,1,4,0
102828,3167,3167,1816,tau-frontend,crates/frontend/src/controller.rs,1819,tau2,5751a01daa9971b002335c74bcc38701ed9070978dbcebd175efa0360cdbbafa,before,23965,1758,58,3,0
11222,280,280,279,tau-frontend,crates/frontend/src/daemon_settings.rs,280,tau2,b4d13848a4b480dea756be3b3d48885a7962fdd8fa9997a9fffaa2028ac000aa,before,1564,279,0,1,0
5441,162,162,89,tau-frontend,crates/frontend/src/demo.rs,90,tau2,2137ddb400a440aaf91242e82fbaa0566652e87d2327a5322ccc6c252e8b0e9d,before,1204,87,2,1,0
1332,41,41,26,tau-frontend,crates/frontend/src/desktop/scroll.rs,28,tau2,c72a513571145479c60bde27026441c2f6d49b5fa573ec0c1138fcf8c24ce474,before,314,23,3,2,0
1268,40,40,36,tau-frontend,crates/frontend/src/desktop/wake.rs,38,tau2,7d37b177e3227a7d210f2f8112b25b3ba3878b4d57828a3b1643c525e3c6e3ac,before,316,34,2,2,0
21447,563,563,489,tau-frontend,crates/frontend/src/desktop.rs,490,tau2,b014a469e3567c3097d391ebd0815fcbb0bae583a21fe0a3950cb37bfc4344fa,before,4749,483,6,1,0
4831,175,175,68,tau-frontend,crates/frontend/src/disk.rs,70,tau2,719fe869e6fde3e90afbbe1890f418deca8c116e2ad1b500a8369b24f47ff027,before,1483,62,6,2,0
9744,241,241,255,tau-frontend,crates/frontend/src/downloads.rs,257,tau2,5937744d2941315ae204a4943c8afdcf8bbcb4d3d6cf402eddfe5b4010183f90,before,2090,241,14,2,0
2985,99,99,67,tau-frontend,crates/frontend/src/editor/mobile.rs,69,tau2,a49d980b727f424e1570f54b8e45e6a37d2ca6aa34ea614b185236065e0e81bc,before,739,65,2,2,0
4290,134,134,78,tau-frontend,crates/frontend/src/editor/touch.rs,79,tau2,3f893e463ebebff176afed0660a9b2da72350d2bde5122ca9414616db4feb85c,before,1125,72,6,1,0
30692,1068,1068,641,tau-frontend,crates/frontend/src/editor.rs,646,tau2,e24895bfb4e88a4f2999fc98f5bb808ada33816085c61a2af2524e6f5e6dd514,before,7339,614,27,5,0
13717,461,461,227,tau-frontend,crates/frontend/src/feed.rs,239,tau2,2dd558485d1ffb4042056096aacb091934ab5867fc5c732236dd41eaac267c9a,before,3873,218,9,12,0
9535,250,250,238,tau-frontend,crates/frontend/src/fonts.rs,248,tau2,362dc4e9ea145ee69a428d75b7a70bed9fa2bc0b9ea9a878666405d04892ffea,before,1931,228,10,10,0
10813,329,329,277,tau-frontend,crates/frontend/src/icons.rs,278,tau2,e87baf8f7b1609f7cb3f2aa27387610ca7fdb2fbfeb34c24708e079b2aa54706,before,2343,272,5,1,0
2015,49,49,41,tau-frontend,crates/frontend/src/keyboard.rs,43,tau2,0f59a0c3f048b3ae8242f43f49836a05a78e3429360e82b8a8bbdf9db8af84d1,before,500,37,4,2,0
646,34,34,34,tau-frontend,crates/frontend/src/lib.rs,38,tau2,922fb5f0e282375cea58fcbcb38429ff56b9d71fe993379100ff374c1dd3252f,before,172,34,0,4,0
781,26,26,24,tau-frontend,crates/frontend/src/main.rs,24,tau2,8b59c8b7e91ad0f4b5b1992bf91ac02dc1beda103455d3d26c9af85d8e6b9252,before,185,24,0,0,0
2306,55,55,59,tau-frontend,crates/frontend/src/mobile_input.rs,63,tau2,d2fddb19acd5962a9cd300caf4302198754d73c5dd1c9046e1f0a045884af60c,before,481,49,10,4,0
1480,42,42,48,tau-frontend,crates/frontend/src/models.rs,49,tau2,1f9ccc68d6a1395b4d3171fc33b989852366d4fb0d5bdfad17510ac81d19a37b,before,288,46,2,1,0
8352,283,283,134,tau-frontend,crates/frontend/src/net/files.rs,141,tau2,c7263da5da46ba66b051e9b336e154cb0af377620bbe086823a07a02cd3e0bee,before,2123,124,10,7,0
10569,320,320,247,tau-frontend,crates/frontend/src/net/health.rs,250,tau2,27828c23b37243782aa17e0a96dd3b1a5fe70f8696741f8fc34f914082db7da6,before,2337,238,9,3,0
5136,194,194,74,tau-frontend,crates/frontend/src/net/mailbox.rs,79,tau2,dc1cfab2e5020db3fc3237f37f0428120c71d6d2a14671257d85188bcfe25c0f,before,1429,65,9,5,0
27982,653,653,506,tau-frontend,crates/frontend/src/net/mod.rs,513,tau2,367cf2c6ac2b6a49f25e0555bbd6317df1be2a23f837dcaf70afcfd839a51e42,before,5832,495,11,7,0
13531,470,470,226,tau-frontend,crates/frontend/src/net/sync.rs,235,tau2,5d356d09192ffc2faa7a70cebb65f8764a3bd1bdfc1ce00120ebdb4e271850f7,before,3533,210,16,9,0
12153,389,389,206,tau-frontend,crates/frontend/src/net/transfers.rs,211,tau2,0b2ae72c3b8e3d4d13ed75bbf7d03ff658d1e19505a4c8cea7611c2ab11188a5,before,2906,203,3,5,0
1136,44,44,35,tau-frontend,crates/frontend/src/notice.rs,37,tau2,1c8a8027b94f12f34b11ce613c16e5b63715299435e6dc68027619236363774d,before,281,33,2,2,0
12123,413,413,258,tau-frontend,crates/frontend/src/render/trace.rs,262,tau2,961cfaf580975762fd6c5321d6944f7d8687f4b34d67d12a440d7f9e3135d106,before,2956,250,8,4,0
40673,1216,1216,1011,tau-frontend,crates/frontend/src/render.rs,1015,tau2,733a1337f07e1e3c3b1b707e3211f676c8608b59b94b428cb11fc7265729084d,before,8909,989,22,4,0
56588,1873,1873,836,tau-frontend,crates/frontend/src/replica.rs,848,tau2,6c37cf606d6e5f2f170b95f727695d9c9ddd271475f2067e31f2db4b604bee7d,before,14747,775,61,12,0
6669,194,194,134,tau-frontend,crates/frontend/src/scroll.rs,138,tau2,2a5fb92e22d888714b5c28c2df16cd53ef53bb8039e669aa0ef09f06c1d2451e,before,1535,119,15,4,0
25569,831,831,501,tau-frontend,crates/frontend/src/store.rs,510,tau2,095e2ecfa048df577fed2a9944b43f3eb8b595bc86504671cd0a1a351596437c,before,5907,478,23,9,0
9971,373,373,237,tau-frontend,crates/frontend/src/tooltip.rs,243,tau2,87f94f5f6cbacd577baf6dbff58a8cb857480fad7d81a888db30e83ff12d00d8,before,2701,233,4,6,0
15720,413,413,299,tau-frontend,crates/frontend/tests/activity.rs,310,tau2,58b030ba7b2397d0ae7f24d014bb916c085525d039367cbc9578424d4fd65e20,before,4262,294,5,11,0
13654,425,425,261,tau-frontend,crates/frontend/tests/connection_probe.rs,269,tau2,9c9ee1fa094328f698a52e8d45be528b2826af7ff5aaf4564a13aff94dddba61,before,3369,255,6,8,0
6956,237,237,100,tau-frontend,crates/frontend/tests/model_catalog.rs,103,tau2,691798309f86aa3fc5ce5c08eba11b4cc5ad048d191069b4b60da075a638185d,before,1844,95,5,3,0
10270,366,366,97,tau-frontend,crates/frontend/tests/native_link.rs,101,tau2,9f35d8d5677ef9082ec007aaaf1bd29eddc81d1941cfb27cae4987a2f05a231f,before,3209,93,4,4,0
27277,936,936,350,tau-frontend,crates/frontend/tests/network_pressure.rs,352,tau2,f6d0bd4c23e78ecf5f53a3d0523757240bc2621c149ea4fd611a810a2deb91e5,before,7708,344,6,2,0
33786,1128,1128,572,tau-frontend,crates/frontend/tests/recovery.rs,586,tau2,7a876f11113a5a40e62887c16a92aa779c342d6f1718f648d22a6803c1517dc9,before,9647,570,2,14,0
7217,221,221,79,tau-frontend,crates/frontend/tests/remote_files.rs,80,tau2,8b05476510e02359f914c0a92a6964e956d8943dbd13aaeff6b9152f9946b758,before,2166,72,7,1,0
7099,196,196,140,tau-frontend,crates/frontend/tests/startup.rs,147,tau2,153f5a1966394bd62ca7116beeea40f29994d34ba49747ac248ab13477a43bf7,before,1958,135,5,7,0
14512,541,541,199,tau-frontend,crates/frontend/tests/support/block_outage.rs,203,tau2,ce397c66a7f850d40eb215c179286944e5c18b75b3247260634af0843fe2b5aa,before,3748,193,6,4,0
1440,52,52,30,tau-frontend,crates/frontend/tests/support/native_trace.rs,30,tau2,ca0bdd4d7468b9ea69fa665e75b8dea0c864f412704a590db0eb673e95abda76,before,393,29,1,0,0
1232,42,42,25,tau-frontend,crates/frontend/tests/support/network_mailbox.rs,26,tau2,684c4569da0d324a72bc7d4e5bc61875a7a63d26b4656edcb750e584db843110,before,300,23,2,1,0
9061,251,251,142,tau-frontend,crates/frontend/tests/support/pressure_link.rs,143,tau2,0ea51e3fb42352d677eb297f24a0f64751501628a558dddec87cde5db50c55d1,before,2286,134,8,1,0
5715,193,193,92,tau-frontend,crates/frontend/tests/support/pressure_metrics.rs,93,tau2,cb2abcc3aded656c97c427926d8af7db8bc7c458b4b88f02c5412e633180d26d,before,1569,89,3,1,0
2047,51,51,32,tau-frontend,crates/frontend/tests/thinking_level.rs,33,tau2,ff114d5c912f96ad4b5eecebf2e00be5abee9ab43e9131911bc453714b8f92d4,before,589,29,3,1,0
13552,455,455,179,tau-frontend,crates/frontend/tests/transcript_prefetch.rs,182,tau2,d92a39cb364ad5da5a9925ebc9e24b0b1fbbe2c8c43a9efdac88ed8b622dd641,before,3973,169,10,3,0
4681,124,124,129,tau-frontend,crates/frontend/tests/unit/app/attachments.rs,129,tau2,4d4b4fb202c6ad0738e00337325a268b6f6bb9d8dbc3b5a856471cbb059f212b,before,1173,129,0,0,0
35834,1191,1191,484,tau-frontend,crates/frontend/tests/unit/app/code_view.rs,494,tau2,14d89ac26b63cdd24287f1f07dfcca5235ba42742b4e2e1f1677a4d105733d03,before,10782,472,12,10,0
1867,57,57,31,tau-frontend,crates/frontend/tests/unit/app/composer_status.rs,32,tau2,197f2d6eedefbc05e3745dfdd3e25682aa843b30bd429cfec47ee572c54cad0b,before,558,30,1,1,0
19137,560,560,347,tau-frontend,crates/frontend/tests/unit/app/connection.rs,364,tau2,0265edc0ddee5e51ade310a8d8361534c0473c24b0053857ff109c3735617016,before,5291,341,6,17,0
6448,208,208,153,tau-frontend,crates/frontend/tests/unit/app/control.rs,155,tau2,5381b5be99db1d1d68abb3a7088937438df5ba008bfe0f5aaefe0dfe20af5e5c,before,1920,151,2,2,0
16997,495,495,278,tau-frontend,crates/frontend/tests/unit/app/download_interaction.rs,288,tau2,6c7f340bfaa92f1fbcd7d44ff675ab73845d05d22b1ca681d054b72af2024981,before,5177,274,4,10,0
5907,210,210,106,tau-frontend,crates/frontend/tests/unit/app/download_render.rs,109,tau2,2297a792db90cd6c3b77fdbb2bbd9a306c901b19538f5e0f4cba43012098e273,before,1662,105,1,3,0
10575,299,299,200,tau-frontend,crates/frontend/tests/unit/app/editor.rs,206,tau2,4fee83cdacd708ac4fd123a8b10c6d75616f0f1b003e1f2892404acac91132a7,before,2877,193,7,6,0
18318,520,520,365,tau-frontend,crates/frontend/tests/unit/app/mobile_input.rs,367,tau2,355f0670efcd56ed9bb9717daffd5bd14e536ef2d0976f2a2317e746be341f41,before,5225,364,1,2,0
20451,612,612,304,tau-frontend,crates/frontend/tests/unit/app/navigation.rs,316,tau2,d347545109d63cd525f22e1e898548c09857cd6d7db008f4c719d56e2933146c,before,5567,294,10,12,0
1890,49,49,29,tau-frontend,crates/frontend/tests/unit/app/notices.rs,29,tau2,8047aec50be8f7f4d6433c6558317fda93869a15bb69fedf2f0e96e1741d977d,before,571,29,0,0,0
4066,138,138,52,tau-frontend,crates/frontend/tests/unit/app/notices_render.rs,53,tau2,f453647b58cfb015eaed296804dee717b07852ea47aa26c5cd95b7a04af430de,before,1161,51,1,1,0
15018,504,504,230,tau-frontend,crates/frontend/tests/unit/app/project.rs,234,tau2,bfa363e4ff07a37c3569a01db97b7b1e19bdfc065ab3f54e9392d35463e3f0c4,before,4659,227,3,4,0
10764,313,313,209,tau-frontend,crates/frontend/tests/unit/app/repaint.rs,218,tau2,670d1af32d0912654b5f3df30f913ab4297cbef991d52ba0ae287d8af15e022a,before,2874,201,8,9,0
1204,28,28,33,tau-frontend,crates/frontend/tests/unit/app/ripple.rs,33,tau2,13d43e8f94668271d798cace3dbc5094622d771d5f780f1b4e53bcc1bcf23ce5,before,329,33,0,0,0
3284,99,99,55,tau-frontend,crates/frontend/tests/unit/app/startup.rs,57,tau2,3adcba2f44a7d03b865bf09c4d296fa285d25bb603161152329fe5e26ce87537,before,873,53,2,2,0
2270,68,68,36,tau-frontend,crates/frontend/tests/unit/app/thinking.rs,37,tau2,58d9a97bca020815655f78435e298dd6e7b0c8cb60ef0fb155d25ae2a0a8a88f,before,712,36,0,1,0
10675,355,355,163,tau-frontend,crates/frontend/tests/unit/app/tooltip.rs,169,tau2,213a2d2e382602edd0a9e26ef7a8290f55d808bac0fb066742ff5ebc4ef3f389,before,2841,162,1,6,0
10590,331,331,182,tau-frontend,crates/frontend/tests/unit/app/transcript.rs,189,tau2,6397953dd6bfb2e1bd3c693bf32746cd689e1ff838bf39a37cec27091862a798,before,2736,181,1,7,0
9360,287,287,208,tau-frontend,crates/frontend/tests/unit/app/ui/attachments.rs,210,tau2,e3dee41f0d5d37911fab94357c703e0667a6de692d663988afe0857736104af4,before,2696,206,2,2,0
5095,188,188,69,tau-frontend,crates/frontend/tests/unit/app/ui/codex_login.rs,69,tau2,39a4926c55416dbdcf0df7b8b050adf521790aa271cbaf004116ead03c5e7f47,before,1555,69,0,0,0
1440,44,44,23,tau-frontend,crates/frontend/tests/unit/app/ui/composer.rs,26,tau2,fd2a423698aa6ca7c6757e44dc2cb35274b982a84df18d842bcc29b129b3178b,before,305,23,0,3,0
1011,29,29,17,tau-frontend,crates/frontend/tests/unit/app/ui/controls.rs,18,tau2,d2c5ca50ce66d8eade136ed893c1eb3fa29d79bcea7c2c3d149a2eee6f2e7a50,before,332,17,0,1,0
18401,562,562,250,tau-frontend,crates/frontend/tests/unit/app/ui/dialogs.rs,263,tau2,eb7b20a825885dd588c484b8fb9a7b35610cdcf038449f99f0d667a6700b1bbf,before,5658,247,3,13,0
31975,1030,1030,590,tau-frontend,crates/frontend/tests/unit/app/ui/lifetime.rs,612,tau2,a5538fe673096ebc5ab25f23d0d4c7e77075e8ada030317c14ebd31782d5b336,before,9004,586,4,22,0
2602,133,133,48,tau-frontend,crates/frontend/tests/unit/app/ui/scroll.rs,50,tau2,2fedb044515be76d29b237b724e6881f6bc38f3993d8330b7d10cf14019a1cec,before,756,48,0,2,0
1317,48,48,34,tau-frontend,crates/frontend/tests/unit/app/ui/transcript_cache.rs,37,tau2,6cb36aa79c342dee78ef6d321a837443a50bd65dedd1642d7fb47540365413c7,before,402,34,0,3,0
5151,141,141,128,tau-frontend,crates/frontend/tests/unit/app/viewer.rs,135,tau2,f5a862a4ce8db3da663bec0200666397e96e23be595313cfdd4d6a6f1f87695f,before,1408,128,0,7,0
1028,28,28,21,tau-frontend,crates/frontend/tests/unit/app_usage.rs,23,tau2,d89bfea567939c26ea86831101b8517c3de9dc851fc09587f351a3b0c35cee48,before,189,21,0,2,0
2848,91,91,69,tau-frontend,crates/frontend/tests/unit/cache_ttl.rs,74,tau2,81946d6f18c92af95cc1940b891b45fc12e1c6699a63d0edff4adafbc8efbef4,before,654,69,0,5,0
2872,77,77,50,tau-frontend,crates/frontend/tests/unit/codex_usage.rs,51,tau2,231871106f650e9259859c9ded3ea83be48bf1f82add9ac84ad16edff2a35879,before,760,50,0,1,0
12577,414,414,156,tau-frontend,crates/frontend/tests/unit/controller.rs,163,tau2,9f30b9a7a360ab51d69cbb349b74aba255739644727d1a81e459d8900005a979,before,3745,153,3,7,0
5506,164,164,84,tau-frontend,crates/frontend/tests/unit/controller_models.rs,89,tau2,d97948bcc453da44480a39815fbfd4995f93ff61c06b36a362702eef09daf9db,before,1556,83,1,5,0
1529,48,48,26,tau-frontend,crates/frontend/tests/unit/desktop/scroll.rs,26,tau2,d4d0033263e3dbe115c7feedbdcbccd13895f71cf9aed0f646d979fe981b4942,before,430,26,0,0,0
1401,49,49,35,tau-frontend,crates/frontend/tests/unit/desktop/wake.rs,37,tau2,b3e08afbc6cdbc8906a3d6196b19268b9c7806343af3a087c1da7d75c8e0b41d,before,431,34,1,2,0
890,26,26,11,tau-frontend,crates/frontend/tests/unit/disk.rs,11,tau2,469387b1531a969f712633aaacca920d48dabab1f0550f310dd40d062b7a3435,before,302,11,0,0,0
6852,164,164,163,tau-frontend,crates/frontend/tests/unit/downloads.rs,163,tau2,5e9c6ec9e9be79379096a6623d6b972ad309aa987fffd851123df5ead0429640,before,1828,163,0,0,0
1100,30,30,24,tau-frontend,crates/frontend/tests/unit/editor/mobile.rs,24,tau2,82773a46c1d9b5de1269061af216b58cb143eb903ed84b6e80241863b01abc26,before,321,23,1,0,0
18377,494,494,379,tau-frontend,crates/frontend/tests/unit/editor.rs,400,tau2,879d90286d0012cd79f88b39af57340b368f4b18a865701ad6882f09a0a4ad54,before,5450,378,1,21,0
28395,996,996,559,tau-frontend,crates/frontend/tests/unit/end_to_end.rs,563,tau2,df7cfae5ae33601a39ed4ef851bd984ecf13d69e1befa8d77f87d37d986161eb,before,7858,552,7,4,0
1062,26,26,24,tau-frontend,crates/frontend/tests/unit/icons.rs,25,tau2,ca3da029872a9254387cc63529294dd69a2cdeac52bb0282d280a960121c25d7,before,279,24,0,1,0
478,11,11,9,tau-frontend,crates/frontend/tests/unit/mobile_input.rs,9,tau2,ef3f18511f15935de5402ccca2b1f0194361e241fb96e893125cb21b070eec16,before,181,9,0,0,0
3169,111,111,45,tau-frontend,crates/frontend/tests/unit/net/files.rs,45,tau2,eb4419c3da04cb19382f7900e29f7efbbef03bd43b84d0dd8ff9957c2a3a95e7,before,992,45,0,0,0
6702,253,253,85,tau-frontend,crates/frontend/tests/unit/net/files_index.rs,86,tau2,cd5177b49599f1422d17b213883012119a2d0dfc723f265f7602749673f8deea,before,2211,83,2,1,0
4728,131,131,117,tau-frontend,crates/frontend/tests/unit/net/health.rs,121,tau2,17f9b1edd052696b69caffd5d46454f3999790d13e950aa80ee0cbbf30d88bf3,before,1220,117,0,4,0
3813,101,101,65,tau-frontend,crates/frontend/tests/unit/net/mailbox.rs,67,tau2,14faed2ca791759dadac46bd59ab6a003725f132508f88dc48a18a7a685593a8,before,1175,64,1,2,0
9848,304,304,173,tau-frontend,crates/frontend/tests/unit/net/sync/checkpoint.rs,179,tau2,4d5597ce8fb9d920ea6e3018e3786944212a847bf4070af4d45cc7c667720cfa,before,2728,168,5,6,0
8656,314,314,137,tau-frontend,crates/frontend/tests/unit/net/sync.rs,141,tau2,9ab10f2246b63af3d08fb7ac6e8bb0ac24c381b634dba47de5fac45874ad5ac9,before,2538,135,2,4,0
6426,236,236,100,tau-frontend,crates/frontend/tests/unit/net/transfers.rs,102,tau2,3bcbca16f777a31b500300603c1121dc089db30a667c4884670b61ed1aafa3fe,before,1895,100,0,2,0
345,11,11,9,tau-frontend,crates/frontend/tests/unit/net.rs,9,tau2,c8f556674ad6d9e7faf356e93ac3e6cb1c9ee5f0e7989c6476a4de73a208bae5,before,83,9,0,0,0
10228,331,331,170,tau-frontend,crates/frontend/tests/unit/render/repaint.rs,180,tau2,1ac5cc0964c8358348c63ac3017b957f67f805e37f4c7dbfcbf193f011835663,before,2547,159,11,10,0
11734,337,337,219,tau-frontend,crates/frontend/tests/unit/render/trace.rs,228,tau2,88a1c4e199324627515de659caa17165deccbb4d697466b450c1b01f551c6a34,before,3505,218,1,9,0
5979,159,159,117,tau-frontend,crates/frontend/tests/unit/render_tests.rs,123,tau2,0dd14fe53c3ac733243b94ac097fc22290be54ecb5bd44ebd84d8574b50691ac,before,1544,115,2,6,0
55120,1762,1762,793,tau-frontend,crates/frontend/tests/unit/replica.rs,837,tau2,775c23dacc5c6d1d7af8eccecc02a69a7abc1c1bad672062ffe5f931044e840c,before,16697,777,16,44,0
4841,124,124,118,tau-frontend,crates/frontend/tests/unit/scroll.rs,126,tau2,6e5e4228deef31161e1034c914af7d5e722f937ee9788c00e70f6a1b9c510658,before,1267,116,2,8,0
327,7,7,5,tau-frontend,crates/frontend/tests/unit/store.rs,5,tau2,66255dadf0a92678c1b498d0939d07f53b4439db67afe344daf9a7cc4c16e1be,before,103,5,0,0,0
3235,99,99,100,taud,crates/daemon/src/bin1.rs,100,tau2,553a29d090b1294eb92de5ba2edff5bcb56d89ce62c6e14b63528cca35239046,after,663,99,1,0,0
503555,11231,11231,11235,taud,crates/daemon/src/implementation.rs,11235,tau2,e54a058002b06b4a112e114d29300e942844621a2ed0e60ce6336ffffa07ddb0,after,78765,11196,39,0,0
92381,2197,2197,2201,taud,crates/daemon/src/lib.rs,2201,tau2,899360b641eb89818ffb1443b32737bae6a3f6c24fb255c746dc4b385aab877d,after,17145,2171,30,0,0
492357,11588,11588,11589,taud,crates/daemon/src/tests.rs,11589,tau2,cdae265fafebf7058517b4b589224d45e895d890808962e57e05081a1c7c9e4d,after,92494,11560,29,0,0
8360,252,252,253,tau-block-store,crates/block-store/src/implementation.rs,253,tau2,738f7796d5be21c786620ede59ab6fa0debed3a0f4bf63ca5d7f05fe52e6cbab,after,1871,250,3,0,0
33607,941,941,942,tau-block-store,crates/block-store/src/lib.rs,942,tau2,17314024fab5f0cc583ce3846ed72710e5fcc8017f76bc1cb2ca9d34ab72a1de,after,7434,921,21,0,0
24452,638,638,639,tau-block-store,crates/block-store/src/tests.rs,639,tau2,5d62508d55e986232822c860e320e2d046f52ad7469cd3f3773b6a25ec2a4440,after,5757,637,2,0,0
86077,2092,2092,2093,tau-net,crates/net/src/implementation.rs,2093,tau2,b7a5a83626c5e9bdbc36eaf8e5b9ae634a6ee1d2a6048f50ee2ebb66527a8594,after,16373,2090,3,0,0
46073,1222,1222,1223,tau-net,crates/net/src/lib.rs,1223,tau2,53911e07491b99e55abb704a1219a87047652ffe3cab55781a29e2a9395b5366,after,8634,1147,76,0,0
52761,1325,1325,1326,tau-net,crates/net/src/tests.rs,1326,tau2,8699e5ab0ded2fa9450959b66d75d5bc70278035d0e9d2360f00fb2fc56babe1,after,11510,1321,5,0,0
35757,943,943,944,tau-code-viewer,crates/code-viewer/src/implementation.rs,944,tau2,ffc61a47340cfcf2ac955eb3c0d0fced78540b68c02c73c4f56dd142271191ac,after,7323,936,8,0,0
9135,249,249,250,tau-code-viewer,crates/code-viewer/src/lib.rs,250,tau2,8f3aec6a2506833f29925c7a997f228ac4712ed7597b19dd7180522ae851d017,after,1899,234,16,0,0
22455,586,586,587,tau-code-viewer,crates/code-viewer/src/tests.rs,587,tau2,c7a74d5d269dae8c3bc93a663b3ccce4952e31b85227063407d74cdc9cb54da8,after,5014,581,6,0,0
3373,80,80,81,tau-code-viewer,crates/code-viewer/examples/index_size.rs,81,tau2,7951b61b8b5c2c1aa76d656df60045582bf0a9a2cb269611975aa6baea12229b,after,755,78,3,0,0
1250,38,38,39,tau-frontend,crates/frontend/src/bin1.rs,39,tau2,8f9feac981c6e97f31cd4bce8f75d584955e7505c24d67e6660b5692f5151413,after,281,38,1,0,0
1486541,33445,33445,33446,tau-frontend,crates/frontend/src/implementation.rs,33446,tau2,626762a3a06a5d97aa0f8be8aad43693806a426cf2bfe02652511a730c1a1f4a,after,244063,33288,158,0,0
188159,4650,4650,4651,tau-frontend,crates/frontend/src/lib.rs,4651,tau2,a2b50c80eec2445cd0feb45dfacb5cf077edeff8ea6368dd01c27b221c30aeb2,after,37726,4499,151,0,-1
970607,24396,24396,24397,tau-frontend,crates/frontend/src/tests.rs,24397,tau2,33818652d463b151cb4d13fc98b0ef0de0de77f270ec15d7f26fd9a8247534db,after,211105,24268,117,0,-12
