project,snapshot,package,path,physical_lines,formatted_lines,tokens,sha256
compendium,initial,compendium,examples/markdown_preview.rs,56,55,403,f27caf47968fc942fc3f2ef90470caecb87b1435b4119634e7f8d549bc8b5db8
compendium,initial,compendium,examples/perf_scenarios.rs,1539,1538,10367,a9fadab6ccdf1e59354b3797275bb4c783ba7cdc73b6cfd86afa297b49cb864d
compendium,initial,compendium,examples/render_smoke.rs,347,346,2429,31ca21de9f28246c6f05094fe7b443eca8d434a1b44317680bb6b8d7702032a9
compendium,initial,compendium,src/bin1.rs,30,29,235,13edd544537eff9370fabf6b3850b69646085fc4ae0be289ddaa6946b6160c25
compendium,initial,compendium,src/implementation.rs,53068,53067,366172,31c7d46c2166ef64b79d9378875efb476abd4423fb05d140b51390f0ceca532a
compendium,initial,compendium,src/lib.rs,7967,7966,57545,a656678406fbc6c52bb4766b207a53cefe9bb8bf656d5125bec93e51bd6ef97f
compendium,initial,compendium,src/tests.rs,13709,13708,110193,6e88e29aa06c1051d4432d333b6144b786dfcdfc1db48f6d4a5e2b8fbbff1277
compendium,import-fix,compendium,examples/markdown_preview.rs,60,59,427,d42b870760b9517fe8157747d3a43e284e04f1ff14220817c9fd23aa86446e1c
compendium,import-fix,compendium,examples/perf_scenarios.rs,1543,1542,10391,0900f26121e657fc1e5999b59c90b801c8918d6f850c20d95299598994959a9c
compendium,import-fix,compendium,examples/render_smoke.rs,351,350,2453,d0d9c4f787810f9300dd10cde5a67b78e40292fa0f941a5adcd415978038e41a
compendium,import-fix,compendium,src/bin1.rs,34,33,259,4d98c6f73077d01be2198bedc81bac4f467aa433d43292355eeaf21620a122cd
compendium,import-fix,compendium,src/implementation.rs,52194,52193,356601,5abb4d9e89bac9d253b5c651a72146ab18dfab071e17e33d60889bdfac4e31cc
compendium,import-fix,compendium,src/lib.rs,7799,7798,56108,6a06828b48b417ae6f46789518e94e78d7bbb427db99f981db8b47d76480d444
compendium,import-fix,compendium,src/tests.rs,13713,13712,110301,750e916b4315826d7b97866bc3069702e068e83599fd4ef9b2823ead6802bd34
tau2,initial,taud,crates/daemon/src/bin1.rs,100,99,663,553a29d090b1294eb92de5ba2edff5bcb56d89ce62c6e14b63528cca35239046
tau2,initial,taud,crates/daemon/src/implementation.rs,11235,11231,78765,e54a058002b06b4a112e114d29300e942844621a2ed0e60ce6336ffffa07ddb0
tau2,initial,taud,crates/daemon/src/lib.rs,2201,2197,17145,899360b641eb89818ffb1443b32737bae6a3f6c24fb255c746dc4b385aab877d
tau2,initial,taud,crates/daemon/src/tests.rs,11589,11588,92494,cdae265fafebf7058517b4b589224d45e895d890808962e57e05081a1c7c9e4d
tau2,initial,tau-block-store,crates/block-store/src/implementation.rs,253,252,1871,738f7796d5be21c786620ede59ab6fa0debed3a0f4bf63ca5d7f05fe52e6cbab
tau2,initial,tau-block-store,crates/block-store/src/lib.rs,942,941,7434,17314024fab5f0cc583ce3846ed72710e5fcc8017f76bc1cb2ca9d34ab72a1de
tau2,initial,tau-block-store,crates/block-store/src/tests.rs,639,638,5757,5d62508d55e986232822c860e320e2d046f52ad7469cd3f3773b6a25ec2a4440
tau2,initial,tau-net,crates/net/src/implementation.rs,2093,2092,16373,b7a5a83626c5e9bdbc36eaf8e5b9ae634a6ee1d2a6048f50ee2ebb66527a8594
tau2,initial,tau-net,crates/net/src/lib.rs,1223,1222,8634,53911e07491b99e55abb704a1219a87047652ffe3cab55781a29e2a9395b5366
tau2,initial,tau-net,crates/net/src/tests.rs,1326,1325,11510,8699e5ab0ded2fa9450959b66d75d5bc70278035d0e9d2360f00fb2fc56babe1
tau2,initial,tau-code-viewer,crates/code-viewer/examples/index_size.rs,81,80,755,7951b61b8b5c2c1aa76d656df60045582bf0a9a2cb269611975aa6baea12229b
tau2,initial,tau-code-viewer,crates/code-viewer/src/implementation.rs,944,943,7323,ffc61a47340cfcf2ac955eb3c0d0fced78540b68c02c73c4f56dd142271191ac
tau2,initial,tau-code-viewer,crates/code-viewer/src/lib.rs,250,249,1899,8f3aec6a2506833f29925c7a997f228ac4712ed7597b19dd7180522ae851d017
tau2,initial,tau-code-viewer,crates/code-viewer/src/tests.rs,587,586,5014,c7a74d5d269dae8c3bc93a663b3ccce4952e31b85227063407d74cdc9cb54da8
tau2,initial,tau-frontend,crates/frontend/src/bin1.rs,39,38,281,8f9feac981c6e97f31cd4bce8f75d584955e7505c24d67e6660b5692f5151413
tau2,initial,tau-frontend,crates/frontend/src/implementation.rs,33446,33445,244063,626762a3a06a5d97aa0f8be8aad43693806a426cf2bfe02652511a730c1a1f4a
tau2,initial,tau-frontend,crates/frontend/src/lib.rs,4651,4650,37726,a2b50c80eec2445cd0feb45dfacb5cf077edeff8ea6368dd01c27b221c30aeb2
tau2,initial,tau-frontend,crates/frontend/src/tests.rs,24397,24396,211105,33818652d463b151cb4d13fc98b0ef0de0de77f270ec15d7f26fd9a8247534db
tau2,import-fix,taud,crates/daemon/src/bin1.rs,102,101,666,4b213d2207bb903305e0bdfee5e7ef5119f93ddd7f85e542a5543d373211c18c
tau2,import-fix,taud,crates/daemon/src/implementation.rs,11021,11017,76719,626a361113d659f6b12efdfea20f14a456bbca1db357370475b6f45db3d3cd0f
tau2,import-fix,taud,crates/daemon/src/lib.rs,2061,2057,15981,fdcb0160e82253dfe271014a23ce33164572651e09ba289edc4b92dfdbd07de0
tau2,import-fix,taud,crates/daemon/src/tests.rs,11391,11390,90990,3ca6cf122945a6982d4040bf008cd45f360ea6301c2e14b1c73544c31886132b
tau2,import-fix,tau-block-store,crates/block-store/src/implementation.rs,186,185,1317,72c01f78bc4b14e86df14a6085f0342ff6e7a77f0a8c2e7296c905b6b10eef1a
tau2,import-fix,tau-block-store,crates/block-store/src/lib.rs,944,943,7452,8dbb29fb463132fa0c8b18decd4b379e38c66c70088c8842ac2a91de664a53e9
tau2,import-fix,tau-block-store,crates/block-store/src/tests.rs,639,638,5762,a7c8e58a3d9a697ca76ada0e924b0a4304a3eef0ca8119c03afbc22027cd71ca
tau2,import-fix,tau-net,crates/net/src/implementation.rs,1855,1854,14062,5f72d8eba7e3ce9d543eab5b0e7e33f2c03278ebee7533aef0ff218b2aa5620d
tau2,import-fix,tau-net,crates/net/src/lib.rs,1184,1183,8273,a1714993941a4dda66e91bd070d57471801a272a927457c46f9caa956ac90f70
tau2,import-fix,tau-net,crates/net/src/tests.rs,1317,1316,11451,e77d7bb2af0483b23d63f763aeaeaa074df5bd80842a51d5bfcbd3372ff4aaf5
tau2,import-fix,tau-code-viewer,crates/code-viewer/examples/index_size.rs,83,82,773,f2b9d6aea0e6a29fac8f4e7862e6de86ebd5365ce79c3d19c610ec2cb8d9ac10
tau2,import-fix,tau-code-viewer,crates/code-viewer/src/implementation.rs,913,912,7035,cab360b8b767d5f878c098c0fe2cdfde4d0bd62eae5f0d27b672463aa365c65c
tau2,import-fix,tau-code-viewer,crates/code-viewer/src/lib.rs,244,243,1836,ca59511ff0992c14e73869381360163e8f84b74c9fb5e9e35d072bfdf2eeba2e
tau2,import-fix,tau-code-viewer,crates/code-viewer/src/tests.rs,579,578,4967,3be4d006e26acff61e5eacfd81d3a5ceb75c7207d475b8f50d3e52e42c25ced8
tau2,import-fix,tau-frontend,crates/frontend/src/bin1.rs,40,39,281,27854f9d96fdd5ee402322612a6252ca2c8b49879259e726560e6cb4e2a42208
tau2,import-fix,tau-frontend,crates/frontend/src/implementation.rs,32634,32633,236912,4064911af4e44d7631f975c9c097a10e4d590e8619ec5f78561d2884fc9ebc16
tau2,import-fix,tau-frontend,crates/frontend/src/lib.rs,3980,3979,32303,e5400f74c21c799dd35b8af582e1c69c99fad10e17ca7b03b032d92ebc0db1d1
tau2,import-fix,tau-frontend,crates/frontend/src/tests.rs,23739,23738,206125,b40c4211d0086fd7a658d37f9c828faadb0386102595f7cdb92727bd99e4d162
